model,accuracy,precision,recall,f1,roc_auc,best_cv_f1,best_params
Logistic Regression,0.7974413646055437,0.6478405315614618,0.5213903743315508,0.5777777777777777,0.8361891795352304,0.603865080334913,"{'model__C': 10, 'model__penalty': 'l2'}"
SVM,0.7945984363894811,0.6450511945392492,0.5053475935828877,0.5667166416791605,0.8238930791889052,0.5956690463201759,"{'model__C': 0.1, 'model__kernel': 'linear'}"
Random Forest,0.7981520966595593,0.6666666666666666,0.48128342245989303,0.5590062111801242,0.8353764281387993,0.5905666242802272,"{'model__max_depth': 10, 'model__min_samples_split': 2, 'model__n_estimators': 200}"
