Model,Accuracy,Precision,Recall,F1,ROC-AUC
Baseline Random Forest,0.7903340440653873,0.6436363636363637,0.4732620320855615,0.5454545454545454,0.8197219044266478
Tuned Random Forest (Threshold = 0.50),0.7668798862828714,0.5477178423236515,0.7058823529411765,0.616822429906542,0.8370912300500593
Tuned Random Forest (Threshold = 0.46),0.751954513148543,0.5238095238095238,0.7352941176470589,0.6117908787541713,0.8370912300500593
