Model,Accuracy,Precision,Recall,F1,ROC-AUC
Baseline Logistic Regression,0.7917555081734187,0.6187683284457478,0.5641711229946524,0.5902097902097903,0.8311703102432559
